latent_gc1,latent_gc2,latent_gc3,latent_gf1,latent_gf2,latent_gf3,latent_gstm1,latent_gstm2,latent_gstm3
-0.1521215553512033,-0.12896722512127387,0.24931791866109723,-0.20102476683764073,0.38779554964487717,-1.368488603679044,0.633085380878847,0.6034954229302234,1.189769051527252
-1.321836210865582,-1.4978490850573427,-0.47609432913672456,0.23399894587450493,1.0198157127127736,0.12162094964208264,0.06114636502701333,-0.7695275723684686,-0.008493295705990814
0.5666183304106943,1.2928376063241944,1.1532819133893832,1.00302154468625,0.9889216572357373,0.7257840605150262,-0.12114975610576485,-0.1995277794442761,0.5822076008505588
0.7112251688868454,0.5593744373595478,0.7080194052151197,0.744432772345694,0.3362286687130945,0.3128221699883633,1.5670245568803183,1.5543743898364724,2.372305249146403
0.6512443952176294,-0.3187730428392905,-0.6527718051728388,0.07290113055429977,0.9889216572357373,0.8998784345973501,-0.12163920507567227,-0.7919337702739971,0.46327819793870845
-0.9018356686052137,-0.2524154312018471,-0.49456121635590167,-0.3556887691124036,1.7509025738280788,0.7065435807969177,-0.6920079499912668,0.07992993119823115,-0.1801153162495757
0.03948638706996087,-0.32492507182122526,-0.21868890337764751,1.0019362581696167,-0.6474675219230488,0.6552100111918742,-0.6676176324299166,-0.4351883849339562,0.01680749956979266
1.6960564070112714,1.7152978119942857,1.1532819133893832,1.4116960793368591,0.30032540121868545,0.6552100111918742,-0.6605313744067175,0.21238984403981695,-0.8654572778497905
0.142973693515837,-0.40367435723090167,-0.045659486072401584,-0.49268301634795036,-0.6578993605792981,0.4715173392004983,-0.9393099667064799,-0.519343726881245,-0.45619327086603584
-0.3640474162472067,0.536637079685836,-0.026897283303675027,-0.6875364603748471,-0.6578993605792981,-1.368488603679044,0.19762258461046,-0.11096193488615574,-0.2945576998929367
0.32675635484308163,0.7043895787041841,1.1532819133893832,-0.7688842400943317,-0.5699787549332516,-0.43738243708634805,0.9346130329018345,0.8553088770799598,-0.02003755377829066
0.5597877838796678,1.7152978119942857,1.1532819133893832,0.5285566320369532,-0.2593399659349647,0.21930425075170074,0.5479309784463126,0.6928441396466026,0.12059302753191722
0.05007321934269271,-0.6045665361855167,-0.6797944921348293,-0.9070920481863509,-0.27319989847459336,0.5415873582329607,-1.308653646253827,-1.2671670101017378,-0.5932966710547816
0.7276975135497672,0.6480663430158244,1.1532819133893832,0.4927834666869368,1.3232071151355327,-1.368488603679044,-0.028082251961426906,-0.230810123788311,-0.3062223496735725
-1.974683538231239,-1.6712273629063055,-1.639479678438431,-1.2263085267753542,-0.2939993507832448,0.45142578665379995,0.7936507352294006,-0.5229995171031724,1.0057426692534583
-1.0251032039727304,-0.7739510309959478,-1.0091213363719493,-1.7056414553726327,0.01714039501862083,0.4612768113270036,-1.142962205971197,1.970744568453452,-1.9980406024525046
-0.8714092964688654,-0.8843039236818816,0.23516344752019663,-1.773358904963137,-0.9731127907257542,-0.8635680501219717,-0.7297789102970534,-0.6772851610006745,-0.6223713847844576
-1.1846346995874424,-1.1308568016541858,-0.740521355587151,-1.3950415537544172,-0.2772627075123291,-1.368488603679044,-2.6858249268624164,-2.0324417971139477,-1.7184269477494716
-0.27930169419525913,-0.21939683275722638,1.1532819133893832,-0.4141943940126799,-0.6170215307976197,0.4140384992896569,-1.6856052001417585,-0.7564168839661694,-0.4050459218801864
0.19451511015724735,0.22047763237250315,0.6510156623021649,-0.6100856482217522,0.9752014286483023,0.9378079725192167,0.892039933613167,0.5523213786482475,1.4347656546530085
0.46171305607170476,0.6945913793043663,0.6797318130270457,0.8934111312779208,0.34128651577954766,-1.368488603679044,0.7582550163327574,0.7727608454209318,1.056631416008542
-1.9730922373632815,-1.8255981800713088,-1.7440487271310527,-1.1124506533405238,0.7087055842649979,0.3122418221493809,1.9873187803400545,1.970744568453452,-1.0646160397531268
-0.06443811255931424,0.09089419850748856,1.1532819133893832,1.4116960793368591,0.13072551783119882,-1.368488603679044,-0.5702427169824749,-0.40868832807019434,-0.1801153162495757
1.326777072586914,1.4167465804453978,0.6797318130270457,0.6130740852955794,0.34128651577954766,-1.368488603679044,1.1111690398601672,1.970744568453452,-0.2848170717741704
-0.0936030626112487,0.3091564663125978,0.7080194052151197,1.00302154468625,0.38779554964487717,-1.368488603679044,0.15894647532063996,-0.7776152801837811,-1.5080910520822814
0.1607121750084893,1.1482451494011772,1.1532819133893832,-0.47228581712383094,-0.9317827883877711,-1.368488603679044,0.16172826997449397,-0.5386238524387643,-0.1801153162495757
-0.09608107644423279,-0.6191255891116335,-0.02078947037739211,-0.4968129051545666,0.6397337131997147,0.33808157200904015,-0.8516418870548292,-1.4416344690526808,-0.5932966710547816
-0.49621906349687095,-1.6174658402539033,-0.8500647042227801,-0.03001329012239197,1.0174537565010586,-1.368488603679044,-0.33046508693541643,0.09858055907073315,-0.1801153162495757
0.9222117433351873,0.854809399674151,0.7080194052151197,-0.020355829651561512,1.0198157127127736,1.103909650264144,0.11462965149631207,0.186777742607035,0.9672681907334129
1.6960564070112714,2.001424463465472,1.1532819133893832,-0.6678351453833415,0.08400435206977887,-0.42055620096001994,0.0068849616244219805,0.5523213786482475,1.1918830362197714
0.17179849939218678,0.17970194549054536,0.6797318130270457,-0.9213348864043546,-0.6429008719590183,1.1047576022346044,0.6011747828424405,-0.3284542489512794,0.5876049424307574
0.07351353463338373,0.3687369578710721,-1.0103454838855799,-1.6014782066326498,-0.5845977709259302,0.3752128778220576,-1.6020084614403518,1.2724338012788596,-1.9980406024525046
-0.5015862871552399,-0.7300497044169958,-0.28606194598701906,0.569651227289523,0.3040921817411137,1.1609093400901034,0.3573350254929246,0.6735498476342108,1.5800776305166582
-1.397522401848318,-1.5497366579950855,-0.475401505342735,-1.4595664846381846,-0.9900676877011627,0.2069541986401277,1.9873187803400545,1.970744568453452,-0.7974444686584903
0.7229611793546977,0.06923382633859516,1.1532819133893832,0.9164626809241018,0.6711881249108136,-0.09778897309610728,0.18415589381758626,-0.514235964134874,-0.10691601774266148
0.9900222787366986,-0.09465584441415788,1.1532819133893832,-0.8731030284495502,0.02082508146135184,-0.22248345196314326,-0.5255411016890856,-0.02537549456228321,-0.45299358450941046
0.44804899608343096,1.208564981569851,1.1532819133893832,0.5689668884585652,-0.28653517983093724,-1.368488603679044,1.2299480844217436,1.557747583339128,1.3971858088337952
-0.044483196257548846,-0.3718500598795868,-0.3400031637809232,-0.07030726434361133,-0.32372089156948597,0.3990323725746439,-0.08258213895509742,-0.3068521286272893,-0.2693090392669874
0.966095191407402,0.17970194549054536,0.6400561791315628,1.4116960793368591,-0.94108720859001,1.084758043715868,0.7197176280243395,0.9750184300965697,1.3595751967002958
1.3121925811225925,1.0330899661560584,1.1532819133893832,1.0463389993990033,1.015537524069165,0.6389030063127864,0.05535175240051827,0.32741781697352623,-0.15704246635481303
-0.6930259174489327,-0.21995040144284292,-0.46183883799149883,-0.9948234577404251,0.3754086858970733,0.6514235400102331,-1.6856052001417585,-1.4803110063111429,-1.2196037630191994
-0.6351289790254027,1.2928376063241944,1.1532819133893832,-0.44775052498506934,-1.4093468089619297,-1.368488603679044,1.9873187803400545,1.357410285533658,1.840196333972043
0.7229611793546977,0.5504739972304005,1.1532819133893832,-0.9946444397345132,-0.28653517983093724,0.38836985657110784,0.3696111482734066,-0.1322297218552681,0.29642584787474163
1.0382696321111018,0.536637079685836,1.1532819133893832,1.4116960793368591,0.04997526825208348,1.514991447514992,0.6600323199099741,-0.5926424840640394,0.7737102643386754
-1.389340876769934,-1.223729514194291,-1.639479678438431,-1.7805736803849084,-0.6429008719590183,0.4844264369639664,0.9657645721925521,0.4009527485909505,1.2911787113980984
-1.0665147879391839,-0.7634224730134539,-1.0009199747833621,-1.7162451944325066,-0.2157546559849752,-1.368488603679044,0.1838683289554428,-0.05003959808911419,-0.36518599357030745
0.9501374578889195,0.3670644108478688,1.1532819133893832,0.26991605531870005,0.6768733736431873,-0.2212189941559866,0.8569678192136917,0.6735498476342108,0.4163973915601292
0.9697453149323878,2.001424463465472,0.7080194052151197,0.345420926956521,-0.6429008719590183,-1.368488603679044,-0.1787773879751363,-0.230810123788311,0.6161033320999417
-0.5627294613869593,-0.6321933850360111,-0.8161569101501145,0.3736460425956376,0.6840650766845864,-1.368488603679044,0.3640480825561583,0.23110771180238135,-0.818573478795943
0.1354043728237659,-0.30632412363777695,-0.6527828805644516,1.4116960793368591,0.30032540121868545,0.43431798728023074,-0.019894614628210468,-0.014723280022522944,-1.5080910520822814
-1.5724516858271411,-0.47674657997862807,0.6510156623021649,-1.883447914828625,-0.5283692100834796,0.3227584063529268,1.361339566930295,-0.47688853470429626,-0.41836883350894905
0.8194456427524811,1.7152978119942857,1.1532819133893832,0.4841504970333337,1.357599309920718,0.8609236835857379,-0.3703424661951159,-0.3942273791749291,-0.10691601774266148
-1.0277141547387678,0.028828702145091194,-1.010221436177834,-0.888476723750617,0.7087055842649979,0.6686735212305595,1.5019616799517959,1.6942223713050328,-1.2196037630191994
-1.7955673620231423,-0.7494117766942535,-1.6127905377753409,-1.232812224705572,-0.94108720859001,0.1990406451361411,1.9873187803400545,1.970744568453452,-1.6388729811862337
-0.07168053718142901,-0.20670227422223972,0.27952806980753275,-0.6043243388534061,-0.20265408018454284,0.2878686957291037,-0.5854064734168881,0.03372481602754723,-0.5932966710547816
-0.8318546551171216,-0.005666635425372721,-0.4987734772008436,-0.23921412559159877,0.08610168739142182,0.8207878792827628,0.5506327207269254,-0.1682635968857179,-0.5164957650880564
0.22422259555161922,-0.4109211512318917,-0.3188271565166138,-1.0530528847546805,0.058517258941093775,0.6229078025088285,-0.5031462969304864,-0.6941937885796642,-0.2945576998929367
-0.07872956921414093,-0.10783944496225119,0.28068463128766113,-0.6795564101737627,-0.6062726001610135,0.2855370608592945,0.18118635921358373,-0.10548475103356844,-0.9194037162779948
-1.2473958424753964,-1.664252799150328,-2.030294478208612,-0.025840963167957684,0.0498313929574404,0.37563567963124705,1.3920332885955087,0.9750184300965697,1.1247263999198256
-0.5506393045363167,0.2110112581625219,-0.9830409240791025,0.9164626809241018,0.6713361015755503,-1.368488603679044,-0.08596332703656859,-0.09210832839490925,0.11786079029592819
1.3121925811225925,1.6940543885478534,0.6797318130270457,1.4116960793368591,-0.28653517983093724,-1.368488603679044,-0.1392347076242596,0.1542055152395756,0.8731986656443618
1.326777072586914,1.6681179021295507,1.1532819133893832,-0.1965105130772761,0.020969476400398233,0.08053830669577045,1.2377883032430452,0.005974255362865769,1.3567991720282897
-0.4775674646757117,-0.09125862504716942,-1.159715310431346,0.4927834666869368,0.008409366713304105,-1.368488603679044,0.40516642668144626,0.6735498476342108,0.7490528912972553
1.3165400630971877,-0.9791600380760861,0.2721018742901046,0.033444669445735035,0.37555115621054197,0.6834725727976217,1.9873187803400545,1.970744568453452,0.04808848793365589
-0.017463413385899577,-0.3718500598795868,1.1532819133893832,-0.5471044928872268,-0.31960662387628536,0.793682061394318,0.06504922491900861,0.5523213786482475,0.061937278537804535
0.6216854713900678,0.9246596481944928,0.6797318130270457,-0.17514354176300936,-1.4093468089619297,-1.368488603679044,0.4740772277938285,0.27948037296652883,1.0311195613697401
0.9987121412957023,1.2160353136150444,1.1532819133893832,0.46390191375569434,0.08386100450413352,-1.368488603679044,0.7026251959668439,0.3944437335156535,0.4397713103630951
-0.14797035554986807,-0.9152253014602639,-0.6265329806758919,0.3238940423202266,-1.4093468089619297,-1.368488603679044,-0.8516418870548292,-0.7500945648994339,-0.9428900141211674
0.25011217097669564,-0.2004229655893521,0.28068463128766113,0.04890285426880058,-1.0248492269754605,-1.368488603679044,-0.2156002212280017,-0.40868832807019434,0.2447299057332325
0.7567301405199542,0.3670644108478688,1.1532819133893832,0.5688458121639154,0.34491550121506986,1.103909650264144,0.20306726515102283,0.4827122212970103,0.6377983878557868
0.9987121412957023,0.3670644108478688,0.6797318130270457,0.5905976846045053,-0.6474675219230488,-1.368488603679044,0.5147936799327679,0.45453433651117564,-0.29741469052373964
0.966095191407402,2.001424463465472,0.3547971354639086,1.4116960793368591,0.40920490717252056,-1.368488603679044,0.730429986867316,0.4057250186583542,0.8809472045237641
-0.17830089912133137,-0.22960523947839653,-0.2702558190624681,-0.5089279364701278,0.08386100450413352,0.285239815345048,-0.9622291122676354,-1.001389044108945,-0.596799642365856
-0.27761497100724164,-0.14197366977587236,-0.286844755347148,-0.07841579361521407,-0.6062726001610135,1.0081799905020907,0.4642868577791804,-0.02810096900384477,-0.290127664875754
-1.4887441588173511,-1.0261916815306746,-1.1804503633377577,-0.5493437273975428,0.6640143988807191,0.21804644266880727,1.9873187803400545,1.970744568453452,-1.6388729811862337
0.8353076899229923,1.2220283630877828,0.031033085540607398,0.6460771052188137,0.04997526825208348,-1.368488603679044,0.22331980239024526,-0.1995277794442761,-0.48700537580122744
0.27596625755620097,1.7152978119942857,0.6400561791315628,0.08042330271053726,-0.566289665420123,-0.47757914602700874,1.316737782812887,0.39142588197185213,-0.5879856638604185
0.24464497885962755,-0.30632412363777695,-0.00150229483939747,1.0019362581696167,0.30032540121868545,-1.368488603679044,-0.15232401975916818,-1.009073996780501,-0.15704246635481303
-1.7106520026263008,-2.201092540257647,-1.6831540836718668,-0.924399657195508,0.11137672738667596,0.114262795230978,1.9873187803400545,1.5103859330234004,-0.8592497196740968
-0.6839822310566696,-0.5623688214784821,-0.44098373408236474,-0.27889983768731463,0.6397337131997147,-1.368488603679044,-0.4084088781458353,-0.3942273791749291,-0.8041156179100903
-0.5086941219085777,-0.7248860560473561,-0.671211648937502,-0.12357530822924483,-0.5845977709259302,0.5802156725496735,0.8575906368555567,-0.017515618082104327,1.153242250559437
-0.795149755810436,-0.6518143425723459,-0.7044893984057232,0.6460771052188137,1.3145888133131058,-1.368488603679044,-0.5031462969304864,-0.7318891774608685,-0.4460925570289266
-0.9207380501909015,-0.5505011855375563,-1.144024845604167,-0.689230845844403,-0.6062726001610135,0.4680933927560658,1.777215731053397,1.970744568453452,1.300500625637744
0.23947677824116514,-0.3621956332959408,0.6221810104035189,0.25263203000921164,-0.6429008719590183,0.38399441984186955,-0.5031462969304864,-0.7925889559544811,-0.4050459218801864
0.5221422627870964,0.6800675851362327,0.6510156623021649,1.4116960793368591,0.9356159176772322,2.4764087489323217,-0.03461778635525676,0.802781781361069,0.27004373924071445
0.4975553247583641,0.3060391660344371,-0.4829415769428792,0.8106960593081036,0.7103278217230508,0.6552100111918742,-0.0017122216816424785,-0.1684736631172759,-0.1801153162495757
0.5971492681283231,0.9822941613843036,0.25753071092044655,1.4116960793368591,-0.27319989847459336,1.6376973103428172,0.954492439710849,1.0363921842741937,0.4819308182218901
-0.8295564699058198,-1.8267482539399058,-1.8017397859186401,-0.5899213602676262,-0.28653517983093724,0.18989202025009774,-1.65125190940723,-2.0324417971139477,-1.9980406024525046
-0.5342008557345787,0.01900017599350756,-0.026001017344592998,0.5914151660110368,-0.32356561857845956,0.5534814696317406,0.6675612723495765,0.6735498476342108,1.7110827022563317
0.26540621510459317,-0.02150228082206211,0.6510156623021649,1.4116960793368591,0.66240577374233,2.3105259160732485,-0.6563859693388662,-0.03205670655417169,0.011382444445900513
-2.254702062616761,-2.5996797749371527,-2.044829943763605,-0.2644617212807817,-0.5283692100834796,0.3386353499472063,0.8433165061392875,1.557747583339128,-1.5453122541832593
-1.2791795401101365,-1.0436934714324686,-0.49456121635590167,-0.2778597258294436,-0.6474675219230488,1.3592700167870346,-0.5031462969304864,-0.028092097510541345,0.38309627058938217
-0.3505954936307592,-1.0536926385993242,-0.045659486072401584,-1.2650614682927932,-0.9900676877011627,0.3506923484146356,-1.7671887456782256,-1.4280429564853365,-1.9980406024525046
-1.4481859177390728,-1.107822605775653,-0.276840695333235,-1.9805908943911468,-0.9782732395900983,0.590668193416539,-1.083398722922811,-0.9074470322468305,1.015174781663127
1.6960564070112714,0.6719513725148805,0.6797318130270457,1.4116960793368591,1.0198157127127736,0.549288093829688,-0.2821864771185863,0.12339313439658874,0.6151737580832028
1.0024274728955795,1.2928376063241944,-0.2273456462362768,-0.066103284865604,0.30032540121868545,-1.368488603679044,-0.8516418870548292,-0.5926424840640394,-0.45299358450941046
-1.198532852978288,-0.6075719241863524,-0.889525175030584,-1.1026898682063302,-0.32372089156948597,0.1743421419548956,1.0890233257076172,0.1650511796516476,1.3267622351688888
1.2324906370947388,1.531496661621651,1.1532819133893832,0.5914151660110368,-0.27319989847459336,0.7351616341195698,-0.9393099667064799,-2.0324417971139477,0.061937278537804535
-0.8181539798148659,-0.5120446027047452,-1.007211690006466,-0.5790457855972474,0.044857212784459886,-0.08768467735821513,1.6958362725249692,0.8388627857633942,0.6069996841712462
-0.3156836824151376,-1.027619892547364,-0.9815222456977737,-1.176256619962502,-0.9317827883877711,-1.368488603679044,-0.6722460782217398,0.23942755977211758,-0.45299358450941046
-1.4131927605738877,-1.313517509035272,-1.170246875385258,-0.8710664431635159,-0.6577263332751354,-1.368488603679044,-2.331735492849427,-0.3592888604773388,-0.8654572778497905
0.9987121412957023,0.508525284848049,0.6510156623021649,0.5943499717185055,0.30032540121868545,-1.368488603679044,-0.590245126234776,0.31077615238110984,0.285998763397489
-0.7517273886347627,-1.2565757074265465,-0.46724488513139384,-0.9438068840418523,-0.28288390721090484,0.21658291819033912,0.9405059664213612,0.8098318208922773,1.7923017391726486
-0.6442560343057518,-0.6481933892347705,0.326358431698219,0.345420926956521,-1.4093468089619297,0.3632603449261695,0.2764249790758385,0.16364562190587842,0.8296473304110555
1.6960564070112714,1.093238003286266,1.1532819133893832,0.8631107125439045,1.357599309920718,0.34213218190792116,-1.1087101007022333,-1.001389044108945,-0.1801153162495757
-0.9398013032872911,-0.6481933892347705,-0.5324837629532579,0.5688458121639154,1.7509025738280788,0.2786711071565656,-0.8516418870548292,-0.41095307047438173,-0.1801153162495757
-1.604567677105266,-1.5201706392528418,-1.6630125078972313,-1.5437746323114279,-0.9731127907257542,0.1532136250379403,1.3552143623067885,1.970744568453452,-1.3671984744061747
-0.6345535665093892,-1.0628935869941996,-0.7050587320664028,-1.1321424684906518,-0.9782732395900983,0.9293799475730662,0.5623791658159101,0.5085424528971233,0.5887522221340826
0.7389715783938534,-0.1595615600790321,0.6797318130270457,0.504930321094569,-1.0248492269754605,-1.368488603679044,-0.7297789102970534,-0.9544955248055473,-0.09025912560520204
0.5666183304106943,0.884715760960552,1.1532819133893832,-0.5567154258935854,-1.0248492269754605,-1.368488603679044,-0.5031462969304864,0.11170796049582128,0.5218709569725777
-0.5935406385782765,-0.5264328732126742,0.21186759851074657,-0.20277018887722953,-0.6429008719590183,0.8414682489287376,-0.8245647580406446,-1.1539859271639052,-1.7184269477494716
-0.6481106986616305,0.12508050561826803,-0.2592106812008178,1.0463389993990033,0.9794295731306241,0.5828615622172565,0.1929002395723167,0.6939291099477022,0.7980665893256268
0.23925050928407746,0.011055105765751028,-0.2607867651116271,1.00302154468625,-0.6429008719590183,2.3105259160732485,-0.21215116397935405,0.4844741319060405,0.6377983878557868
-0.3010623707251362,-0.7730394438641083,-0.27545485921819673,-0.2554771136022366,-0.2806376271049871,-1.368488603679044,-1.367304205274715,-0.95830423261677,-0.265623578866068
0.18406745543659275,0.3670644108478688,-0.49456121635590167,1.4116960793368591,1.3232071151355327,0.7121000948623419,-1.1256665650985362,-0.3814423594842518,0.7064356973506224
-1.282161429507572,-0.8631280612757654,-1.0429908033399329,-1.0843004886193104,0.04813406729017984,-0.43738243708634805,-1.12779373385525,-1.106777499833179,-1.2196037630191994
-1.4648841892751148,-0.956380864046546,-2.216786009976325,-1.800343929387051,-0.9317827883877711,0.19524967025553272,0.9515260540846602,-2.6326254708988843,-1.9980406024525046
1.326777072586914,1.3317303410946812,1.1532819133893832,1.00302154468625,0.40934769255629766,-1.368488603679044,0.15992997305583337,-0.5588533772409324,0.49822281101810195
0.26540621510459317,0.508525284848049,-5.545843128045946e-4,1.4116960793368591,-0.1705361384305717,0.21125328354257675,0.2989480130323983,0.7119073918609021,0.4142423861931014
-0.7728726693739402,-1.055819941599964,-0.9999375242561669,0.051472596907330886,-0.9898719901374181,0.3183811997661145,0.4399899066012223,0.7752055835234033,0.7773946297063462
0.433630333416313,1.3853280089142987,0.23516344752019663,-0.10419178158630692,0.08400435206977887,0.14977244636613246,0.3430673475649291,0.16364562190587842,1.236844150336777
-1.0766541957222984,-1.1374496286075662,-0.5459939195652135,0.314245971306754,-0.561850479207388,-1.368488603679044,-1.9877885614622808,-0.9609313479933732,-1.023966120816761
0.6545248546855571,0.17970194549054536,-0.11268837582950376,-0.4942521139854336,1.0198157127127736,0.7460376153954922,0.38600058091695877,-1.7445777533473545,-0.04076608572286805
0.7229611793546977,0.536637079685836,0.6221810104035189,1.00302154468625,-0.02649429056579406,-1.368488603679044,0.9632207135430387,0.4311871715617859,-0.818573478795943
1.6960564070112714,1.574270514694018,1.1532819133893832,1.00302154468625,1.7509025738280788,2.3105259160732485,1.5588494148658694,0.9967057752966646,1.099515806029844
-0.7278689581198894,-0.8711875713536038,-1.1906292143393822,-1.1039964514452234,-0.32356561857845956,0.22616421623965793,-2.6858249268624164,-0.9469600575272512,-1.2469538902279769
0.5221422627870964,-0.3446336378612115,0.2718884065287544,-0.4934142849812132,-1.4093468089619297,0.5786876835171374,0.1634482387010943,0.6735498476342108,0.2521534457253057
0.9987121412957023,0.2418351495270474,-0.4598443402510897,0.29013874522574323,-0.9782732395900983,-1.368488603679044,8.666035907869342e-4,0.0856517585926183,0.5736174200596731
1.2883556440975645,0.17970194549054536,0.6221810104035189,1.4116960793368591,1.015698796065246,0.43431798728023074,-0.3736596324627177,-0.40868832807019434,0.05983344554883934
0.12344533550513236,0.3585081181326709,0.22661694627839019,1.4116960793368591,0.5974997630982273,0.8038781974153671,0.5216131447126414,-0.05241614546991388,0.5834114274913984
-0.049526234065241086,0.536637079685836,0.03741881676366102,-0.17514354176300936,0.6641621718556984,0.965039900404075,0.49096615743226485,0.9478391316655408,0.746021725555295
-0.41173625623469085,-0.28665795369184766,-0.00150229483939747,-0.613525152481808,-0.1705361384305717,0.57376252159779,-0.6716784511259495,-0.3592888604773388,-0.45299358450941046
-0.09665483951316309,-0.8843039236818816,-1.1582278969383506,0.569651227289523,0.6840650766845864,0.39797817241781946,1.6878318544186108,1.040872578912758,0.38120501518656924
1.3121925811225925,0.6800675851362327,1.1532819133893832,1.4116960793368591,1.0198157127127736,1.3888411663057048,-0.7087095203968273,-0.11019988078721826,0.5949219571347706
-0.5805362433076379,0.011055105765751028,-0.027638893491858958,0.8631107125439045,0.3450577601339206,-1.368488603679044,-0.5031462969304864,-0.40868832807019434,-1.5080910520822814
0.433630333416313,0.4347020905785584,0.28068463128766113,1.4116960793368591,1.3232071151355327,0.6104928823275751,0.22331980239024526,0.9750184300965697,0.09578847762270117
1.0382696321111018,0.33813201366800777,0.6797318130270457,1.4116960793368591,0.34128651577954766,0.9372910189286546,0.5739632130472596,0.623074980722852,-0.1801153162495757
0.1583614298180079,-0.22960523947839653,0.326358431698219,-0.48591351365573604,0.0498313929574404,-1.368488603679044,-0.6012807956613028,-1.6913743964157093,-0.9194037162779948
0.01939876289009007,-0.07044735685967947,0.25753071092044655,0.04890285426880058,0.36864079955314255,0.4815830716075618,0.1914418225204914,0.5026540439104272,0.24024879905485363
1.3121925811225925,-0.5255361425769608,0.326358431698219,-0.4592217590270427,-0.2501328238691004,0.38432346516302135,1.5588494148658694,1.2514698434053326,1.2107997430237403
0.5899460689857056,1.1707918371569088,1.1532819133893832,0.08042330271053726,0.40934769255629766,1.0603519556339862,-0.7223449049334744,-0.5747904573460468,0.011382444445900513
0.9955425255999049,0.8951713218829767,1.1532819133893832,1.4116960793368591,1.015537524069165,1.1064757432611656,0.5999136988230713,0.3868713678953948,0.9968415921891628
0.7202541396288669,0.0730203280735688,0.6221810104035189,0.8191460237860966,1.0059716014413995,0.6409133632055457,0.5124349164517624,-0.34033609495965356,0.38309627058938217
-0.7846727135470908,0.22741778862312242,-0.30846875072740637,-0.4633833216109166,-0.6062726001610135,-1.368488603679044,-0.6012807956613028,-0.1682635968857179,-0.8654572778497905
-1.3365232676837437,-0.21810018499958667,-0.6758821073981288,-0.2498436515790789,-0.31960662387628536,-1.368488603679044,-0.5031462969304864,0.1781676555321109,-0.1801153162495757
0.6814534021639537,0.33813201366800777,0.326358431698219,-0.2837422402529419,0.7032468116834286,-1.368488603679044,-0.13438074904056316,0.1810156791827513,1.1884774217036418
-0.5684578379512458,0.7402518888958174,0.2718884065287544,1.4116960793368591,1.368309901097067,-1.368488603679044,1.9873187803400545,0.7758855577474773,1.1341445730979856
-0.015487141033777366,0.17970194549054536,-0.045659486072401584,-0.4141943940126799,0.08780399508684515,0.3608586743133207,-0.08912383764872252,0.05111059089442457,0.5255854521050614
-0.4293922273205734,0.06518488246687767,-0.045659486072401584,1.4116960793368591,-0.6577263332751354,2.0454982079411588,0.6777614471623462,1.0623153584775562,1.0646238747132553
-0.28097719865242893,-0.8859179918496378,-0.008825557053806558,0.2809344321845298,-0.02649429056579406,0.18765450911135031,-1.4403937427185018,-0.5926424840640394,-1.6388729811862337
0.5413231787102406,0.508525284848049,0.6221810104035189,0.197712192296596,-0.2772627075123291,-1.368488603679044,-1.1087101007022333,-0.7564168839661694,-0.2945576998929367
-0.5921471762257433,0.9694814792897467,-1.0268295806702865,0.5257503699909538,0.66240577374233,-1.368488603679044,0.10332988144890874,0.620722229378759,0.4464320326949076
0.7229611793546977,1.2160353136150444,1.1532819133893832,0.9164626809241018,0.6395866090785732,1.962448265292459,-0.006082966229750957,0.08618744008189018,-0.01669919209299322
-0.1186185889636671,0.6719513725148805,1.1532819133893832,-0.7285015204041522,-1.0248492269754605,-0.08768467735821513,-1.579901772578954,-0.5630343205172397,-0.24185444922221613
-0.049589681282669,0.7171179642876357,0.22661694627839019,-1.1027358277977353,-0.5762604554899554,0.3281284708751882,1.9873187803400545,1.6402123794687373,2.150408618569845
0.4680334041942577,-0.3238036282231442,-1.3105249399665535,-0.10968827025940105,0.7352535762565231,-1.368488603679044,-0.6012807956613028,-0.7669311621372044,-1.2196037630191994
-0.722100452181845,-0.8843039236818816,-1.0268295806702865,-0.2506512485879213,-0.9900676877011627,0.6552100111918742,1.5226413396934386,-2.6326254708988843,0.7376433088965659
-0.01752820434117179,-0.5101305594617811,-0.830091318850033,-0.8150749557833766,-1.0248492269754605,0.38871603571188657,0.6345816998588681,1.970744568453452,1.9920641818515255
-0.6320293048683989,-0.8985509708182541,-0.00150229483939747,-0.6331013243328973,-1.4093468089619297,0.7912027037279757,-0.615642593754008,-0.9609313479933732,-0.008493295705990814
0.22674994985687952,-0.37236566428839063,0.0600131233834882,-0.26396662320994807,-0.28653517983093724,1.1609093400901034,0.13351377658564234,0.3737928736171485,0.8420992308242319
-0.44290503774767437,-0.37723360854230054,-1.0263939975515695,0.033444669445735035,-0.6429008719590183,-0.01632455109367213,0.930943439095138,0.1829637757254469,0.2421910150325046
-0.19787862750887172,-0.5101305594617811,-0.05733329776178456,-1.2345588687111753,-0.6062726001610135,0.7529731786031901,-0.6023143677411579,-0.7695275723684686,-0.5932966710547816
1.3165400630971877,1.574270514694018,0.37943055831419636,-0.8162291123888316,-0.013871119060935721,0.6619483575984527,1.431597100901225,0.6912455408940752,2.1506800377243462
-0.16659688276283519,0.7687347705291666,-0.05733329776178456,-0.04265770237590654,-0.28653517983093724,0.6337080573625569,0.10332988144890874,0.32741781697352623,0.12104494597448644
-0.9300494331735703,-0.23116191263993816,0.28068463128766113,-0.5699598279047317,-0.28653517983093724,-1.368488603679044,-0.3569157594550228,-0.9368866394681252,-0.8952865509404851
-0.328100595589346,0.46273337542811716,0.6797318130270457,-0.48658251185024354,-0.23707366612765776,-1.368488603679044,-0.5047646710529874,0.09331930379524528,-0.8994468021303438
0.4680334041942577,1.7152978119942857,1.1532819133893832,-0.9271459451461752,-0.9782732395900983,0.7378708835457944,-1.2137753885456612,-0.7301922598956356,-0.2429277422439571
-0.8930629313061217,-0.8633586254386755,-0.027638893491858958,-0.229702845343261,0.33985694966551405,-0.15275183488586191,-0.2998037688008578,-0.45311506668419804,-0.1801153162495757
-0.409213775054803,-0.30632412363777695,-0.27545485921819673,0.09083627215699558,-0.9898719901374181,-1.368488603679044,0.458133577771862,0.5523213786482475,-0.8994468021303438
0.18931523271601344,0.17970194549054536,0.28068463128766113,0.04939485563845908,-0.6170215307976197,0.5827512559260546,-0.3641448731284518,-0.23647539623430813,-0.15704246635481303
0.21907309195962604,-0.07044735685967947,0.6797318130270457,0.4704419200743696,1.015698796065246,-1.368488603679044,-0.006082966229750957,-0.3726560587524344,0.4898108416178177
0.9900222787366986,0.42723242342812223,0.28068463128766113,-1.3761073169529126,-0.9900676877011627,0.26399381244429154,-0.5369200286742579,-0.34625956299631233,-0.24733008614676283
0.2712945759388385,-0.49424801002746904,-0.045659486072401584,-0.5310128620479514,-1.0248492269754605,0.3868764326481855,-0.8182883479078946,-0.5926424840640394,-0.15704246635481303
0.35128339274494713,0.15943285241231214,0.6797318130270457,0.14511047275823274,-0.319451529035871,0.5519731553751123,-1.083398722922811,-0.5926424840640394,0.04580404345552763
0.3778623721843879,0.8292182485031087,1.1532819133893832,-1.0812040988737617,-0.6429008719590183,0.5771564628736988,-0.8089497857628917,-0.7765511637300311,-0.8994468021303438
-0.9107731469741223,-0.2815996046021593,-0.863143885030477,-0.939403676001088,-0.6145270762498243,0.4127959080014498,-0.2033872060646156,-0.21171399181632083,0.9711332003640851
-1.0277141547387678,-0.8259156438105862,-1.1424264447307264,-1.2130117777475795,-0.9782732395900983,0.38726318173623564,1.390186448554952,1.970744568453452,-1.6388729811862337
-0.04439294789503985,-0.5282276925257993,-0.5040576850749091,-1.013704277921908,-0.6474675219230488,0.38899963267654747,0.9799882346642911,0.5860445727170547,1.111590093804125
-0.22444439673156,-0.7384142857854746,-0.05733329776178456,-0.9271459451461752,0.053404269875262936,0.4792517096346799,-1.1437332413165437,0.10714541459108233,-1.5080910520822814
-0.8450739446394824,-0.7732725613002256,-0.00150229483939747,-0.6578233768168553,0.41143720706583053,0.3698918741273795,0.5471513470654804,-0.9074470322468305,0.4714313298293748
0.5221422627870964,-0.9152253014602639,-0.8806041367425405,0.6820156323281508,0.30032540121868545,-0.042824246433565895,-0.09878665991379101,-0.13222945737329192,0.5053980368732385
-2.254702062616761,-1.882121897387595,-0.8896540323887295,-0.6625247689558251,0.11137672738667596,0.35105560362432336,1.9873187803400545,1.970744568453452,-1.6388729811862337
-1.0648771626632079,0.07138431470375119,0.32753021142651656,-0.8710664431635159,-0.9900676877011627,0.26356297396386813,-1.2931942191098473,-2.223298377905257,-1.2196037630191994
0.44429182076501345,-0.29122898409506626,0.303007464964126,-0.4934142849812132,-1.4093468089619297,0.810581372189905,0.6673720110395704,1.0395297456126233,1.1214285523903318
0.528933210358183,0.5022768926803789,1.1532819133893832,0.9164626809241018,0.3450577601339206,0.551900345090229,-0.11186184195941082,-0.19398772451473487,0.527202146643733
0.3015419186562183,0.613613270584531,0.6797318130270457,-0.6209060614916796,-0.9898719901374181,0.2498202949099677,0.4286723377630668,-1.6574924712933636,0.09578847762270117
1.3121925811225925,1.2160353136150444,1.1532819133893832,1.4116960793368591,-0.28653517983093724,-1.368488603679044,0.009105127961992069,-0.5212508159020982,0.19487340813560802
0.7229611793546977,0.9833792969431862,0.6510156623021649,0.08789847782840841,-0.20664595891954843,-0.11226540452190632,-0.546178521478917,-0.37832946144056884,0.5822076008505588
-1.0930836036996152,-0.37723360854230054,-1.3251009948053092,-1.3608110141591845,-0.6062726001610135,0.11937055065509364,1.9873187803400545,1.970744568453452,-1.40129058421069
0.9900222787366986,0.6635632697304107,0.7080194052151197,-0.8007553378168547,-0.32356561857845956,0.21405210277234965,0.41082667558058794,0.16894814012869114,1.1931145895667405
-0.6846813137221196,-0.9226429890090349,-0.9234940550032225,0.3516195614102041,0.9890816782814037,-1.368488603679044,-0.28934745024791686,-0.9653955275702574,-1.0487618263165923
0.5223582916194195,1.1707918371569088,0.6510156623021649,-1.0771320594437166,-0.9317827883877711,-1.368488603679044,0.27204903349059606,-0.40868832807019434,0.9475065108343568
-0.3026457771427428,-0.644330268863952,-1.03629559256198,-0.401884059246971,-0.20664595891954843,0.3179127296105109,-0.5089654887856527,0.09968324243447557,-0.0602739296475102
0.5268708661386803,0.5072104196202855,-0.6586320773506052,-0.2418740954188582,-1.0248492269754605,1.1234532515175404,0.4957695472118959,0.3017284230956455,0.2939666252855816
0.06870520219746742,0.442130896199197,0.25753071092044655,1.4116960793368591,0.4007260304004167,-1.368488603679044,-0.6900726169803721,0.3017284230956455,0.6806910186223182
0.22444658114099786,0.854809399674151,0.21186759851074657,-0.03667202429634291,0.6752607564808073,0.43431798728023074,-0.4437600506805582,-0.3592888604773388,-0.1801153162495757
1.326777072586914,1.2416665843098924,0.2718884065287544,0.35102792593505144,0.34491550121506986,0.025484122179688994,1.0137971565847772,1.1712288649748823,1.7110827022563317
1.6960564070112714,1.3324043822698861,1.1532819133893832,0.005039138469488849,0.11137672738667596,-1.368488603679044,0.11475308304279933,-0.05333191317657212,-0.24185444922221613
0.2481186551696935,-0.17720949951985002,-0.802817500816413,-0.30544924046286487,-1.4093468089619297,0.6130595422851269,0.5181039090862214,-0.16947379807737237,0.8631516574351605
-1.6496149060646557,-2.5996797749371527,-1.84952675350462,-1.8531653928305698,-0.6062726001610135,0.1725980608704784,0.47869055451170095,1.970744568453452,-1.9980406024525046
-0.017463413385899577,0.4183110807690128,0.326358431698219,0.9164626809241018,0.02082508146135184,2.3105259160732485,-1.3915519219102972,-1.0032784782900912,-0.1801153162495757
-0.9383907036082125,-0.6368058099251401,-0.2653745710259435,-0.013093485839304508,-0.94108720859001,-1.368488603679044,-1.461642633740368,-1.1922143813066561,-0.15704246635481303
-0.7936191265449011,-1.2270013193961646,-1.278688080531815,-1.1960456903261831,-0.5342581509344465,0.8322856160707941,1.071299846151266,1.100241465277873,1.6761966680576919
-1.6652052861661617,-1.7597051275187998,-1.3427888767431522,-2.0112118009780238,0.04997526825208348,0.15317649032408878,0.5139439663860965,0.9901339800962311,-1.6388729811862337
0.8115863137433597,0.8845138600074689,-0.02078947037739211,1.00302154468625,-1.0248492269754605,0.15777465760573905,0.9186843849566403,0.5183263535819644,1.5670120136201628
-0.8699429871973836,-0.4142001498014851,-0.026001017344592998,-0.9139629907613144,-1.0248492269754605,0.8347170478450731,-0.5702427169824749,-0.7301922598956356,0.061937278537804535
1.0509993743429897,0.17970194549054536,1.1532819133893832,0.8934111312779208,1.7509025738280788,1.8675237720495206,0.28540107835666667,0.6289544172099936,0.6150693624976258
0.2573465773519039,-0.32429351686286073,0.6797318130270457,1.0463389993990033,0.3664145647937217,-1.368488603679044,-0.546178521478917,-0.18514387967278229,-0.5932966710547816
1.3121925811225925,2.001424463465472,1.1532819133893832,1.0463389993990033,0.6217458307003758,0.5926893910140331,1.3601733623277872,1.218440351218774,0.6344035863699632
-0.19103202177569092,-0.3610847889496425,-0.008825557053806558,-0.21196661457084606,0.08400435206977887,0.9715339702298011,0.15724952306151554,0.17528728880408165,-0.6236205595629355
-2.168154018302095,-1.7683675380773036,-1.299493444177116,-1.158411498045713,-0.9317827883877711,0.2071509120520294,1.1895603965877888,1.970744568453452,-1.9980406024525046
0.29847954348402483,-0.6182937713835964,-0.00150229483939747,0.9164626809241018,1.7509025738280788,1.0315500667718278,0.6123532340686315,1.1316942150902398,0.7790663824210791
0.3292976057455706,0.5022768926803789,0.6221810104035189,0.9164626809241018,1.368309901097067,1.3044198764342987,0.4337661362781101,0.3783700487916792,-0.03237883821061271
-2.1465252493193527,-2.1599558439062094,-2.200699619715573,-0.8030439998406791,-0.6273412731691146,0.12599257778724018,1.6725534261104287,1.970744568453452,-1.2113439527173386
-0.04112593903117362,0.011055105765751028,0.28068463128766113,1.4116960793368591,-0.576428605166197,0.6630798099511884,0.7711202287989449,0.7354992224762722,1.2605561106859908
-0.35023534742971624,0.4912951551385442,0.6221810104035189,-0.18681293552486966,0.04997526825208348,0.09111497353146449,0.39254526765505315,-0.17318744063694871,0.9490744769232851
-0.16861550273285855,0.15943285241231214,1.1532819133893832,-1.4694033633890597,-1.4093468089619297,0.4612045493406198,-1.1704385599744913,-0.07503807766966572,-0.45299358450941046
0.053126852549257454,-0.6368058099251401,-0.10127486420140805,-0.2391359982096764,-0.9900676877011627,0.6374049965626952,-0.7750326938832848,-0.5684010679596863,-0.2945576998929367
-0.40409307024128177,0.5362933334603412,-0.8662988510726924,-0.7617189507760092,-0.9782732395900983,0.8511379935110963,-0.7297789102970534,-1.2313403371734233,-0.1801153162495757
-0.024043395231833537,-0.09581534642566615,0.28068463128766113,-0.774892559348311,-0.9900676877011627,0.4153736503992902,0.1838683289554428,0.035324974861830644,0.1381689260795727
-0.10997951929625652,0.9023118483547931,-0.045659486072401584,1.4116960793368591,1.7509025738280788,0.43431798728023074,-1.083398722922811,-0.36207551600213733,-0.45299358450941046
0.7567301405199542,0.3753445242628417,0.6797318130270457,0.6820156323281508,-0.28653517983093724,0.2272771844006886,-0.5031462969304864,-0.5926424840640394,-0.7287678141354597
-1.2618806825971338,-2.2084595137418574,-1.159715310431346,-1.0897515545556522,-0.5762604554899554,0.013548679103198964,1.3265441408659078,1.5103859330234004,-1.9980406024525046
1.2553619432252288,1.1312331750593758,0.018603978525729026,0.5688458121639154,1.3232071151355327,1.5135800843264298,-1.083398722922811,0.12735336625139482,0.5880352582117393
0.6711424930733874,0.3060391660344371,0.6510156623021649,0.5042753940328899,-0.2593399659349647,-0.41639165210714557,-0.01921644605399048,0.8553088770799598,0.90490632015341
1.3121925811225925,1.4665316240996291,1.1532819133893832,1.4116960793368591,1.7509025738280788,1.2995112004069056,1.0430744511745385,0.7697931943488149,1.439684218151747
0.48045528597879317,0.09923491126788651,-0.6750173070439135,-1.102413327662944,-0.32356561857845956,-1.368488603679044,-0.5850884627332337,-1.0541301440237731,-0.3133714243837204
-1.9614896527515322,-2.1243413880132516,-1.931010443549608,-1.5438942457309401,-0.2772627075123291,0.33462609744625554,1.9873187803400545,1.6635659800423548,-1.0646160397531268
0.1776362427832642,0.34874308020015465,0.061034051486065666,1.4116960793368591,0.058517258941093775,-0.2212189941559866,-0.1070690388595765,-0.9018629933470398,-0.5384557329020339
0.06714222969940563,0.3060391660344371,-0.48827736905285707,-1.0677440760223427,-0.9731127907257542,0.7220240971240338,-1.0680554548845818,-1.3403227392556833,-0.7974273629983447
0.46171305607170476,-0.6368058099251401,0.6510156623021649,1.0019362581696167,-0.6578993605792981,0.7070619757366146,0.6847945255735912,0.5090933413003522,0.5098234924046907
0.14639185093383184,-0.37723360854230054,0.6510156623021649,-1.4573093501648697,-0.6577263332751354,0.2692683424674156,-0.9027658578331218,-1.9035630612472196,-0.39983038013519706
-0.3887637301720469,-0.23592024568600992,0.326358431698219,0.5688458121639154,1.0295828733255084,0.7351616341195698,-0.010630657133494148,0.0046755421180863285,0.4449112485066391
0.9501374578889195,0.08029781846939171,-0.6784598129989745,-0.1893525962678706,-1.0248492269754605,0.3843680486785432,0.746672098959397,0.6829693600087885,1.2195837243805556
-1.207865368676727,-1.939529011884471,-1.299493444177116,-1.1528448244332257,-1.4093468089619297,0.2751255378990954,1.6013218023716296,1.4832350889478751,-1.9980406024525046
0.7567301405199542,0.15943285241231214,0.28068463128766113,-0.8234236752514518,0.058517258941093775,-1.368488603679044,-0.10020198238209428,-0.5025909146314608,0.6047542653900492
0.32246084945644315,-0.07551400671936237,-0.276840695333235,0.6122443824622437,-1.0248492269754605,0.525903270348696,-0.11186184195941082,-0.230810123788311,0.24024879905485363
-0.6320293048683989,0.03341620328109402,-0.8668636597707473,0.10375697722473991,-0.6577263332751354,0.3059277689092715,0.8992408295466422,0.6419118494771647,0.9824411200841019
-0.05294721012109053,0.2734763347593127,-0.5095982881431786,-0.4226455939230022,0.01714039501862083,0.9968082235218382,-1.308653646253827,-0.9801136876565167,-0.5932966710547816
0.20148247564469715,0.3670644108478688,0.6221810104035189,-0.750118879765217,0.016995926699972783,-1.368488603679044,0.11013589640224485,-0.15907930805575193,-0.48700537580122744
0.25011217097669564,-0.22298364875313131,0.303007464964126,1.00302154468625,1.0059716014413995,0.9934805601132234,0.3649872005018608,1.1712288649748823,0.9480287520992292
0.09453076603438273,0.7043895787041841,0.6797318130270457,0.8631107125439045,-0.02649429056579406,0.6552100111918742,0.5216131447126414,0.7878055236355546,-0.818573478795943
0.5598828936133371,0.4358649883798517,0.28068463128766113,0.4719455463602864,-0.28653517983093724,1.4890551467726538,-0.6385450520580844,1.0829915079956478,-0.8994468021303438
0.0817965757042479,0.03122897546720126,0.22661694627839019,-0.2653594102312439,-0.6577263332751354,0.38734216047723685,-0.1425932789576596,-0.9544955248055473,-0.8952865509404851
-1.2455329169708131,-1.6174658402539033,-0.6790758867288857,0.504930321094569,0.9889216572357373,0.7048919700175126,0.403381695836181,0.2117714534290158,-0.46425370146062017
-1.501414480886217,-1.1322684125208269,-0.7330380566851118,-0.42254701364566233,-0.5845977709259302,-0.4794153277541844,-1.5342886997516032,-1.2207652473503057,-1.9980406024525046
-1.3886797449528938,-1.3676006474854296,-1.7687681105309212,-1.2377770105818922,-0.9317827883877711,0.21170638680525777,0.4928670039140581,0.961757793715541,-1.9980406024525046
1.6960564070112714,1.2928376063241944,-0.05733329776178456,-0.2837422402529419,-1.0248492269754605,-0.15277767477709575,-0.7297789102970534,0.574776137259502,0.1776739215765204
1.3165400630971877,0.1568614924998813,0.6510156623021649,0.8106960593081036,0.04997526825208348,2.4764087489323217,-0.17493973440704585,-0.3622066025985906,-1.5080910520822814
0.20023083942705291,0.043946225244190215,0.25753071092044655,-0.5803636186693698,0.008409366713304105,0.7351616341195698,-0.17481551100298415,-2.6326254708988843,0.44052987152705264
1.326777072586914,0.7719375883284948,1.1532819133893832,-0.910904558694285,-1.4093468089619297,0.6151041836942458,-0.7297789102970534,-1.694564146387608,-0.5932966710547816
-1.1682279740698807,-1.7932524027820902,-0.6750173070439135,-1.3761073169529126,-0.310250756070575,0.7977045846366584,-0.3921938649945823,-1.7445777533473545,-1.2469538902279769
0.35128339274494713,0.1456727633477871,0.25753071092044655,0.5285566320369532,0.008409366713304105,0.45243522031791383,-0.45306763840331166,-0.36207551600213733,-0.1801153162495757
-0.6374861891933162,0.895688470771237,-0.3180607224315594,-1.0751849893747096,-0.94108720859001,-1.1630118484112149,-2.6858249268624164,1.1957735106124536,-1.6388729811862337
1.6960564070112714,0.45500581892877506,1.1532819133893832,1.00302154468625,0.3535095502117307,0.9048775913668202,-0.4779043524017846,-0.19449749433700794,-0.13923834728518802
-0.6941756482419071,-0.907129405572897,-0.9233897495101566,-1.0530528847546805,-0.1705361384305717,-1.368488603679044,-1.1476197091200537,-0.497031018157978,0.1781602553349249
-0.794624728867832,0.7426089150262692,-0.3232740231725339,-0.6565012112100479,0.30032540121868545,-1.368488603679044,1.6330521234750035,1.3589311964861677,-0.818573478795943
0.3942628775953041,0.8347175638500229,1.1532819133893832,-0.4971995918976408,-0.32356561857845956,0.4092651450716566,-0.45306763840331166,-1.4049845524793838,-0.7974444686584903
1.0024274728955795,0.05864786305671402,-0.4554257607229782,-1.478390242409127,-1.4093468089619297,-1.368488603679044,0.22941625939934174,-0.3726560587524344,0.03517345046079505
0.8194456427524811,1.3324043822698861,1.1532819133893832,0.32447539186803176,-0.28653517983093724,0.7351616341195698,-0.8516418870548292,-2.1480534660587174,-1.2196037630191994
-0.6485850335869602,-0.8332589273898494,-1.0009199747833621,0.15735558974259592,0.9752014286483023,0.43431798728023074,1.222627038853478,0.8553088770799598,1.5389376667212193
0.9886601795943957,1.4233344522437643,1.1532819133893832,1.4116960793368591,0.9412254793143813,0.5454890345985065,0.851511831012913,0.7988805012800854,1.3457130576640506
0.7567301405199542,0.28211751282928954,0.6797318130270457,1.00302154468625,1.352831475143779,-1.368488603679044,0.17030802756377283,0.6289544172099936,-0.4201250644957259
-0.19187162666830362,-0.36820603069849633,-0.5311593076752923,-0.8996732243928177,1.357599309920718,0.4339990411062085,-0.06397049288817591,0.265913516254045,-0.1772794689981898
1.6960564070112714,0.7531715367957917,0.6797318130270457,1.00302154468625,1.7509025738280788,0.11012785881455461,0.3188063761978225,0.85370886137155,1.5768324069045638
0.04934012078212796,0.12508050561826803,0.7080194052151197,0.26869395124448664,-1.4093468089619297,0.07926539928184884,0.08339730967772334,0.7811470182820857,0.061937278537804535
-0.8744392094247987,-0.5523781820997444,-1.3038568904975618,-0.4854020054385162,0.12693999051079166,0.8272954127591257,-2.0847875182834117,-0.7695275723684686,-0.5164957650880564
0.9900222787366986,0.18653755749466677,0.326358431698219,-0.8234236752514518,-0.28653517983093724,-1.368488603679044,0.26684001953840747,0.6735498476342108,0.717971852761231
-0.3156836824151376,-0.8843039236818816,-1.4918787933141053,-0.0552321391288923,1.7509025738280788,0.41762559460936854,0.6123532340686315,0.6735498476342108,0.7056163983853244
-1.1830595400846462,-1.053873230358894,-0.9663806816778021,-0.4141943940126799,-0.2211269626689251,-0.1582374437705564,1.9873187803400545,1.970744568453452,2.627542861737659
-0.7196105728455081,-0.24222901737846086,0.6797318130270457,0.8106960593081036,0.9794295731306241,-1.368488603679044,-0.14441103323393986,-0.074095436200838,0.13098205922717843
-0.9000389441220319,-0.275982454398341,-0.00150229483939747,-0.009756948152006235,-0.2772627075123291,-1.368488603679044,-0.3236890087417737,-0.5926424840640394,-0.8952865509404851
-0.6506814650287899,-0.17038121964547748,-0.28606194598701906,1.4116960793368591,-1.0248492269754605,-0.3211910204610999,-0.08596332703656859,0.17339311662116877,0.17739316621334486
0.01939876289009007,0.49513424399664396,-0.008825557053806558,0.5688458121639154,-0.310250756070575,1.334623256334125,-0.1158101552701448,0.5026540439104272,-0.5565939698389258
0.5221422627870964,-0.30632412363777695,-0.11912923762272844,-0.21644916143714238,-0.02649429056579406,-0.042824246433565895,-1.083398722922811,-2.0324417971139477,-0.461036619387579
-1.5033863830348677,-0.6464007488039333,-0.8900850137178571,-0.6385767170133025,-0.9317827883877711,-1.368488603679044,0.7382220940621433,0.6054647934838575,-0.38284386708649326
-1.514304586057081,-0.768519920535316,-1.1420331334312743,0.6820156323281508,0.34491550121506986,-0.14301740881849767,-0.4749506367322846,0.05763690785675461,-0.8118491481024612
0.22674994985687952,-0.38978378784647727,0.7080194052151197,-0.11159486972732631,0.04997526825208348,-0.042824246433565895,0.7042292727962636,0.648996098681849,0.13333190803197228
-0.5836191736948032,-0.5214236195006896,-1.3656915932562965,-0.42070235987504206,0.66240577374233,0.2651610727257978,0.3964957578152877,0.041165091923618814,0.5678953405611189
0.5221422627870964,-0.03431048608017871,-0.006781283157140004,0.6130740852955794,1.7509025738280788,-1.368488603679044,0.8569678192136917,0.9750184300965697,0.8668800308163083
-0.3068428941783785,-0.24222901737846086,-0.3234180728375766,0.8631107125439045,0.7087055842649979,0.5749608344112868,-0.4749506367322846,-0.6780261876800073,-1.2113439527173386
-0.8390771863160117,-0.3238036282231442,-0.276840695333235,1.4116960793368591,0.016995926699972783,-1.368488603679044,-0.06048913485210039,0.3456381610828612,0.8650885241788582
0.2972824248617747,0.18393980112180625,1.1532819133893832,1.4116960793368591,0.6713361015755503,-1.368488603679044,-0.07735432693370023,-0.10540444535297766,0.8508910527201
0.966095191407402,0.3670644108478688,1.1532819133893832,1.4116960793368591,0.6397337131997147,1.3105359948516178,0.7101418757839932,0.802781781361069,0.8719939083749132
-0.5065652893657355,0.0730203280735688,-0.3234180728375766,0.5943499717185055,-0.2806376271049871,0.6302780922598399,0.19522592874820074,0.06807522408773165,0.9267847937304482
0.5137376615668461,0.8412365983579686,0.1682783634180631,-1.6979943450202903,-1.4093468089619297,0.5343328790411878,0.31680900823630387,-0.40868832807019434,-0.9543847710802229
-1.597583003649533,-0.11987033174660718,-1.1582478873123405,-0.4910487546057286,-0.6125036725270628,0.7498482970662219,0.05478546841688417,-0.025788963325638847,-0.8654572778497905
1.017462884605964,-0.3235284238094608,0.7080194052151197,1.4116960793368591,0.30578126139303535,0.41401206101200333,1.0752595764098858,1.222792095644153,0.33329870940830697
0.26540621510459317,0.4904087436270578,0.040915944180880424,0.32447539186803176,1.3684905458034815,-0.6046185334751957,-0.7297789102970534,-0.06701125006628467,0.9123804805173812
0.7643387025271863,0.24290522265921333,1.1532819133893832,0.1218279123711462,0.675112666998714,0.11012785881455461,0.2637181415124681,0.6957158164428889,1.2107997430237403
0.5221422627870964,0.7043895787041841,0.28068463128766113,1.4116960793368591,1.3232071151355327,0.4913379215205007,-2.3024153046515523,-0.3699486256228857,-0.45299358450941046
-0.3387893686943818,-0.4456475852544081,0.326358431698219,-0.6446647698604521,-0.28653517983093724,-0.3621144083228402,-0.2954753131238033,-0.05569039995929337,-0.2429277422439571
-0.6622871311130871,-0.896966816871027,-1.957375241419074,-1.4791985692648608,-0.21200655369155752,0.41523064606137555,-1.2051101430516,-2.3009045509036583,-1.9980406024525046
-0.9460172084424543,-0.809007080457578,-1.3038568904975618,-1.2582475986162405,-0.6429008719590183,0.35926726917557117,-0.10486095452072766,-1.2075603371998906,-1.2469538902279769
-1.8681755891330591,-1.8795005651540098,-1.4939775130025068,-1.0545971412418471,0.7087055842649979,0.33065151944161364,-0.5005206535815783,-1.1620866269773749,1.0919339762465994
-0.23113937580903238,0.11455428273253267,0.6221810104035189,-1.0696632315114138,-0.9900676877011627,0.3813890658120965,-1.5976302509066589,-1.642554844311959,-0.8952865509404851
1.3165400630971877,2.001424463465472,0.27952806980753275,1.4116960793368591,0.9889216572357373,0.2228444333696055,1.2335918789387639,0.8127027030259505,0.29356996999237944
-0.04971917304487857,-0.47244299844252136,0.012297448162458573,0.7166443361038166,0.07534237045367735,0.0989251138511903,0.23580521489732348,0.19943025151552343,-0.2693090392669874
-0.8865880891081533,-0.30632412363777695,-0.4987734772008436,1.4116960793368591,0.6343577579312837,0.8272761722591256,0.4519800938258014,0.45800771000840496,0.5240996883402395
-0.1641374319175866,-0.06426079789801323,-0.02078947037739211,-1.8472147743271228,-0.2939993507832448,0.12699430628448494,1.9873187803400545,1.161231599224419,1.5588191423335223
1.6960564070112714,0.536637079685836,1.1532819133893832,-0.7754406877468814,0.748153121780758,0.3286053499320686,0.03495791314599585,0.5085424528971233,0.6969797043814676
-0.7708449216063292,0.4970370786020313,-0.30785424009072054,-0.7228985965844024,-1.0248492269754605,0.4046923625479614,1.9873187803400545,0.8178032469819647,0.7589936013741934
-0.34854621108935774,-0.5559640672462611,-0.5544307286071986,-0.3443021857192361,0.008409366713304105,0.9664302381854352,-0.9974259739505581,-0.9686793692198546,-1.9980406024525046
0.4614972733076433,-0.8159157953352322,-1.1800218748450793,-0.6801962831354266,-1.0248492269754605,-1.368488603679044,-0.9775626657063304,-1.1034749154160122,0.4230365537380532
-0.9568113912540551,-0.8076517936280297,-0.8972076539084011,-0.6544269510252915,-1.4093468089619297,-0.09778897309610728,-1.4078139956048512,1.1712288649748823,0.18921848649959183
-0.7321350540870091,-0.6359910790211097,-1.2559308455739189,-1.2202593960882346,-1.0248492269754605,0.3201226026702745,-1.9877885614622808,-2.3009045509036583,-1.9980406024525046
0.5221422627870964,0.8180985750179633,1.1532819133893832,0.9164626809241018,0.3326966368048861,0.43431798728023074,-1.312923715201775,-1.3967189396214004,-0.1801153162495757
0.41652636232992296,-0.6508717175176643,0.25753071092044655,-0.15941868472444304,0.40934769255629766,-1.368488603679044,-1.65125190940723,-1.383503977625983,-0.2945576998929367
-0.293920880367113,-0.5074833426116612,0.21186759851074657,1.4116960793368591,-0.02649429056579406,-1.368488603679044,-0.6900726169803721,-0.5926424840640394,0.26124375134436667
-0.0973199915045243,0.18653755749466677,0.3547971354639086,0.7695849261483183,0.9412254793143813,-1.368488603679044,0.6672719154395381,0.015504286579209717,0.662875968642224
-0.9630047974925424,-0.8859179918496378,-0.6750173070439135,1.4116960793368591,-0.9898719901374181,-1.368488603679044,-0.05419321881667248,0.3574796507509612,0.47370296234333953
-1.6467604766780244,-1.1283189794512012,-1.5927589399462452,-1.1230178534968729,-1.4093468089619297,-1.368488603679044,0.8505460078400315,-0.20530193237187838,-1.5080910520822814
0.9987121412957023,-0.1595615600790321,-0.3234180728375766,0.862272892871949,1.368309901097067,0.17633984637175978,-0.07173319919920876,-1.2755878416365187,-0.45299358450941046
-0.18813927860897833,-0.4109211512318917,-0.5311593076752923,1.00302154468625,0.7352535762565231,-1.368488603679044,-0.4194280946742023,-0.2950001147492378,0.061937278537804535
-1.1357801374127696,-1.6475006530503886,-1.2244088213358222,-1.0534900198553923,-0.9782732395900983,0.3883041087023409,1.7958205771613773,1.4901392772326651,0.13559036449350248
-1.010915741203974,0.7974920750175147,0.22661694627839019,0.5257503699909538,-0.013871119060935721,0.567480228292805,-1.4123049974481257,-0.497031018157978,-0.2945576998929367
0.433630333416313,-0.20711242887025968,0.326358431698219,-1.2756688871994328,0.3411442781658957,-0.3472704391395546,-0.9335083920433929,-0.9839148859477541,-0.33218962040228384
0.7567301405199542,0.6425334064831768,1.1532819133893832,0.5688458121639154,1.7509025738280788,0.20158792903258677,0.0917837266520955,0.15624897292285042,0.5069091174147442
0.5569266300432505,1.1729885518421583,0.22661694627839019,0.8631107125439045,1.4005614611714428,-1.368488603679044,-0.8516418870548292,-0.7035216957880752,0.5302254550712356
0.19516392428886314,0.3670644108478688,-0.276840695333235,0.569651227289523,0.0013891057195150264,-0.042824246433565895,-0.4749506367322846,-0.6713096988701289,-0.6163642980802557
0.18971517290835893,0.5961980221626426,1.1532819133893832,1.0019362581696167,1.015698796065246,0.9164933046169188,-0.28733363570441145,-0.4674722753725247,0.36845899342105204
0.7229611793546977,0.1456727633477871,1.1532819133893832,0.504930321094569,-0.2806376271049871,-0.042824246433565895,0.851511831012913,0.5482268312489822,-0.5565939698389258
1.3121925811225925,0.863446569120656,0.6797318130270457,1.4116960793368591,1.7509025738280788,2.3105259160732485,-2.057743205950926,0.8137989990246883,1.4595812325392534
1.6960564070112714,1.1707918371569088,1.1532819133893832,0.862272892871949,1.7509025738280788,0.43953134991288073,0.08263945851317997,0.39487315827353925,0.9802210302564631
-0.22631423423052724,-0.1689194301096223,-0.5032630515652499,-0.42930792354903274,0.675112666998714,0.3182777788766508,0.0917837266520955,0.05345193953143996,-0.035855641970678566
0.9900222787366986,1.4084582162785488,1.1532819133893832,-0.29960684644298463,0.3326966368048861,0.6149521629991642,-0.24617292329457893,-0.007196976896060783,-0.9501028389939903
1.6960564070112714,1.3317303410946812,1.1532819133893832,0.9164626809241018,0.3326966368048861,0.6552100111918742,1.3453409828199665,1.357410285533658,2.0723012325820576
-1.318435305197855,-1.0185805397301186,-0.7150535500114065,-0.3006500673875869,-0.6578993605792981,-1.368488603679044,-1.6856052001417585,-0.5926424840640394,-0.5164957650880564
0.24464497885962755,-0.4358922711436773,-0.13696225255569866,-0.5293961093158426,-1.0248492269754605,-1.368488603679044,0.06052487127295813,0.02889973400376643,0.27496705973808017
-0.6264260268449117,-0.7262206588403898,-0.082518967850298,-1.1013706236006355,-1.4093468089619297,-0.21903685812026968,0.06114636502701333,-0.23212873361434494,0.34087927466960594
0.6783656813539994,0.8180985750179633,0.6797318130270457,-1.0616201554040292,0.41299089793419663,-1.368488603679044,0.34903109429480744,-0.5684165208491371,0.36130288301588037
0.6939457626312904,0.6719513725148805,0.7080194052151197,0.569651227289523,-0.2939993507832448,-1.368488603679044,0.00816460106793622,-0.3092966606165594,0.5555604489453858
1.3121925811225925,1.0032717292181441,0.7080194052151197,0.4146919762878241,1.7509025738280788,0.8676880976485679,-1.0430174101541168,-2.6326254708988843,-0.1801153162495757
0.2552680483705648,0.6320933882793808,0.6221810104035189,0.9164626809241018,0.6552440154507486,-1.368488603679044,-1.6856052001417585,-0.6716230678448327,-0.15704246635481303
-0.7789216150407154,-0.5608494157317524,-1.0436147388849097,0.04939485563845908,-0.6062726001610135,-1.368488603679044,0.1617389705011643,0.48943516342833343,-0.47955116737674985
-2.3384552956370195,-1.5798323151260023,-2.044829943763605,-0.8015277830665521,0.3664145647937217,0.011302001165932076,0.5687723879915703,-0.42542694970219536,0.9976698178100112
-0.15895523718571777,0.3670644108478688,1.1532819133893832,-0.2922881828350252,0.008409366713304105,-1.368488603679044,-1.0085730604750864,-0.3592888604773388,-0.1801153162495757
0.4688123479891433,0.9474834806421434,0.6221810104035189,0.46972362367872267,-0.2772627075123291,-0.6638724346317973,0.7711202287989449,0.8553088770799598,0.8836784755500641
0.4104752820474137,0.5332224857806355,0.31983339344079176,-0.012533906310218574,-0.5845977709259302,-1.368488603679044,-0.2709728480434605,-0.36207551600213733,0.061937278537804535
-0.3362839208966344,-0.3367633595346718,0.28068463128766113,-0.34023584987899685,0.9412254793143813,0.9450777808397935,-0.2552329213271746,-0.10713373041203969,0.536339722469801
-0.7393301312807117,-0.5101305594617811,-0.7227423763256583,-0.020913053351627634,1.3232071151355327,0.4208928725021344,0.19237364149325506,0.7293452487526204,0.061937278537804535
-0.48717937396816213,-0.38478342556505324,0.23323124737529716,-0.858244324059754,0.12001010468731121,-1.368488603679044,-0.9393099667064799,-2.6326254708988843,-0.45299358450941046
0.767591369741432,0.28211751282928954,0.6797318130270457,0.033444669445735035,-0.6577263332751354,1.689824555657505,0.4321358210994831,0.11474556118727497,-0.596799642365856
0.34870450082818644,0.4946327620656187,0.6797318130270457,0.345420926956521,0.022541414466286293,-0.042824246433565895,-0.5031462969304864,-0.7695275723684686,0.0835670205955127
1.0509993743429897,0.536637079685836,0.6797318130270457,0.8934111312779208,1.0198157127127736,1.0956579891303808,0.40516642668144626,-0.3536718642896276,0.34116437681778455
0.6814534021639537,1.7152978119942857,1.1532819133893832,0.8631107125439045,0.11845433043745364,0.18789290400872588,1.4875772601780124,0.8330332903400969,1.6756591209551048
-0.17830089912133137,0.21483118287294203,0.25753071092044655,0.32447539186803176,-1.4093468089619297,-0.3539771920082982,-2.6858249268624164,1.970744568453452,-1.9980406024525046
-0.3726597438298484,-0.3621956332959408,-1.2045490932559555,-0.9547191781717016,-0.02649429056579406,0.226426276874203,-1.9672407648541,-1.4894165393229875,-1.9980406024525046
-0.6726020996761221,-0.7219371300005879,-0.6654213858000618,0.48479660270271413,-0.2962536792841656,-0.08768467735821513,0.06114636502701333,0.4256375002019764,0.701984352905637
-0.843175523750135,-0.7147332335908626,-1.1865730940052355,0.3927846294867756,1.0584629621975676,2.3105259160732485,-0.17481551100298415,-0.3395638962907002,-0.1801153162495757
0.1926363459891699,0.4540790304871497,0.6400561791315628,0.862272892871949,-0.24625042623130172,0.8503605955889633,0.12711321516574545,0.2170480968657318,0.465816015279051
-0.5917477304030948,0.5006849788778143,-0.039453867149327373,-0.4141943940126799,0.3808802793132895,-1.368488603679044,-0.3286739710907456,-0.22251465776662857,-0.24185444922221613
1.6960564070112714,-0.11829033525763188,0.28068463128766113,1.4116960793368591,0.66240577374233,-0.0954640781653411,0.4450372777741428,0.6829693600087885,0.3931232887313101
-0.3686593241018272,-1.0251113980113624,-0.2928967638003674,0.2191608847093892,0.058517258941093775,0.397636349235586,-1.083398722922811,-0.7695275723684686,-0.8952865509404851
-0.9749710811965985,-0.724981048688413,-1.6360782545295158,-1.1568064707445374,0.34128651577954766,-0.3240834068011098,-0.7941363453627843,-0.5501987925712637,-1.2196037630191994
1.0382696321111018,-0.2524154312018471,0.6400561791315628,1.4116960793368591,0.6711881249108136,-1.368488603679044,-0.24698141369608337,-0.5565253003687795,0.2939666252855816
1.3165400630971877,2.001424463465472,1.1532819133893832,0.8631107125439045,-0.6474675219230488,0.5975766985518035,0.5124349164517624,-0.044803775403205286,0.5293873406539333
0.6070922667263627,1.7152978119942857,0.22661694627839019,0.9164626809241018,1.0198157127127736,-1.368488603679044,0.6169302156568198,-0.1995277794442761,0.8519090769155138
-0.6952596639640062,-0.7786021596342275,-0.8668636597707473,0.3238940423202266,-0.27319989847459336,0.8907015437970484,0.4466462688706535,0.4827122212970103,0.28230272092245523
-0.4184036440873958,-0.1595615600790321,-0.00150229483939747,1.4116960793368591,1.352831475143779,1.6697219372888412,0.3336005173186836,0.16322224068265767,0.7851715203431678
1.6960564070112714,1.2686208554448362,1.1532819133893832,-0.36549840231789077,0.3276403168518865,0.5144832085059098,0.27204903349059606,0.6735498476342108,1.4643624394193993
0.01939876289009007,-0.22298364875313131,-0.4829415769428792,0.9164626809241018,0.66240577374233,1.4329681479003933,-0.047370629343152955,-1.1113403728631344,-0.5854497277685524
0.9900222787366986,0.8897043625083364,0.6510156623021649,0.25263203000921164,0.6711881249108136,0.3954113294450772,-0.33975625951819693,-0.46472272427927824,0.011382444445900513
1.0024274728955795,0.4183110807690128,1.1532819133893832,0.5266910108530407,1.0174537565010586,-0.2212189941559866,0.2528901062945314,0.2943790491676446,1.0399114527822488
0.7567301405199542,0.011055105765751028,-0.00150229483939747,0.6130740852955794,0.6998575016374028,0.8116347855489597,-1.1704385599744913,-0.9123104533996368,-0.45299358450941046
0.9305837884111426,2.001424463465472,0.326358431698219,0.27263400041488567,1.0059716014413995,-0.2212189941559866,-0.4194280946742023,-1.4894165393229875,0.03737296497386045
0.9222117433351873,1.4167465804453978,0.27952806980753275,0.3809529973145512,-0.319451529035871,0.08780579287023545,0.3173077915828723,-0.044803775403205286,0.4629382159531781
-0.6399613574411888,-1.1308568016541858,-0.8500647042227801,0.3238940423202266,0.9674776969367944,-1.368488603679044,0.6400624970558324,0.31077615238110984,0.31473682574708567
